PublishedAt,Title,Source,URL,Description
2025-07-15,(PR) ASRock Industrial Launches NVIDIA Jetson AGX Orin Platform,Techpowerup.com,https://www.techpowerup.com/338941/asrock-industrial-launches-nvidia-jetson-agx-orin-platform,"ASRock Industrial proudly announces the NVIDIA Jetson AGX Orin Developer Kit, a powerful AI computing platform delivering supercomputer performance for edge AI, robotics and advanced industrial applications. This advanced developer kit powered by NVIDIA Jetso…"
2025-07-15,Nvidia stock surges 4.47% in pre-market as U.S. clears H20 AI chip sales to China—AMD up 3.18% too as AI trade door reopens,The Times of India,https://economictimes.indiatimes.com/news/international/us/nvidia-stock-surges-4-47-in-pre-market-as-u-s-clears-h20-ai-chip-sales-to-chinaamd-up-3-18-too-as-ai-trade-door-reopens/articleshow/122496972.cms,Nvidia stock surged 4.47% in pre-market trading after the U.S. government cleared the company to resume H20 AI chip exports to China. This greenlight could recover billions in lost revenue after Nvidia took a $4.5 billion hit when restrictions were enforced i…
2025-07-14,"Citi Updates SMCI to $52 PT, Stays Neutral Amid AI Optimism, Margin Concerns",Yahoo Entertainment,https://finance.yahoo.com/news/citi-updates-smci-52-pt-221850081.html,"Super Micro Computer, Inc. (NASDAQ:SMCI) is a Must-Watch AI Stock on Wall Street. On July 11, Citi analyst Asiya Merchant raised the price target on the..."
2025-07-14,Super Micro Computer Rides on DLC Momentum: What Lies on the Horizon?,Yahoo Entertainment,https://finance.yahoo.com/news/super-micro-computer-rides-dlc-134200929.html,SMCI's DLC tech delivers growth as hyperscalers and AI-data centers drive its demand.
2025-07-13,Why Super Micro Computer Rallied Over 60% in the First Half of the Year,Biztoc.com,https://biztoc.com/x/96cc53303becbb91,"In This Article:
Key Points
-
Super Micro was seemingly vindicated from its accounting scandal at the end of 2024.
-
Yet growth slowed as the Nvidia's AI customers moved from Hopper to Blackwell.
-
But the company also inked a $20 billion deal in Saudi Arabia…"
2025-07-13,Why Super Micro Computer Rallied Over 60% in the First Half of the Year,Biztoc.com,https://biztoc.com/x/96cc53303becbb91,"In This Article:
Key Points
-
Super Micro was seemingly vindicated from its accounting scandal at the end of 2024.
-
Yet growth slowed as the Nvidia's AI customers moved from Hopper to Blackwell.
-
But the company also inked a $20 billion deal in Saudi Arabia…"
2025-07-13,Artificial Intelligence Stocks To Add to Your Watchlist – July 10th,ETF Daily News,https://www.etfdailynews.com/2025/07/13/artificial-intelligence-stocks-to-add-to-your-watchlist-july-10th/,"Super Micro Computer, ServiceNow, Salesforce, Accenture, and BigBear.ai are the five Artificial Intelligence stocks to watch today, according to MarketBeat’s stock screener tool. Artificial intelligence stocks are shares of publicly traded companies whose pri…"
2025-07-13,Artificial Intelligence Stocks To Keep An Eye On – July 11th,ETF Daily News,https://www.etfdailynews.com/2025/07/13/artificial-intelligence-stocks-to-keep-an-eye-on-july-11th/,"Super Micro Computer, Salesforce, and ServiceNow are the three Artificial Intelligence stocks to watch today, according to MarketBeat’s stock screener tool. Artificial intelligence stocks are shares of publicly traded companies whose primary business involves…"
2025-07-12,Bank of America drops shocking call on Super Micro stock,Biztoc.com,https://biztoc.com/x/8e0a4ec1a5cca448,"Few stocks have captured the AI server boom like Super Micro Computer (SMCI) . 
Skyrocketing this year, Super Micro’s become a go-to for investors betting on liquid-cooled racks and next-gen AI data centers.
Don't miss the move: Subscribe to TheStreet's f…"
2025-07-11,"Citi raises Super Micro target, but warns on margin pressures",Yahoo Entertainment,https://finance.yahoo.com/news/citi-raises-super-micro-target-172624100.html,"Investing.com -- Citi raised its price target on Super Micro Computer (NASDAQ:SMCI) to $52 from $37 a share in a note Friday, citing improving demand for AI ..."
2025-07-11,"Bitcoin smashes past $117,000 as Nvidia hits $4 trillion — is this the start of a tech-crypto supercycle?",The Times of India,https://economictimes.indiatimes.com/news/international/us/bitcoin-smashes-past-117000-as-nvidia-hits-4-trillion-is-this-the-start-of-a-tech-crypto-supercycle/articleshow/122388683.cms,"Bitcoin at $117,000 and Nvidia crossing $4 trillion in market value isn’t just hype — it might signal the start of a massive tech-crypto supercycle. With AI booming and crypto going mainstream in the U.S., both Wall Street and retail investors are piling in f…"
2025-07-11,Super Micro Computer: A Buy For Risk-Tolerant Investors Eyeing AI Growth,Biztoc.com,https://biztoc.com/x/91cbb9df740bc4f0,
2025-07-11,Best Artificial Intelligence Stocks To Research – July 9th,ETF Daily News,https://www.etfdailynews.com/2025/07/11/best-artificial-intelligence-stocks-to-research-july-9th/,"Super Micro Computer, BigBear.ai, Salesforce, SoundHound AI, and Arista Networks are the five Artificial Intelligence stocks to watch today, according to MarketBeat’s stock screener tool. Artificial intelligence stocks are shares of publicly traded companies …"
2025-07-10,Should you buy a Copilot+ PC? What you need to know about AI computers,PCWorld,https://www.pcworld.com/article/2833449/should-you-buy-a-copilot-pc-what-you-need-to-know-about-ai-computers.html,"As artificial intelligence becomes more and more prevalent modern day computing, Microsoft’s new Copilot PCs bring powerful AI capabilities right to your fingertips. Equipped with specialized hardware and advanced software, these devices promise a faster, sma…"
2025-07-10,Promising Artificial Intelligence Stocks To Follow Now – July 8th,ETF Daily News,https://www.etfdailynews.com/2025/07/10/promising-artificial-intelligence-stocks-to-follow-now-july-8th/,"BigBear.ai, SoundHound AI, Salesforce, Super Micro Computer, and ServiceNow are the five Artificial Intelligence stocks to watch today, according to MarketBeat’s stock screener tool. Artificial intelligence stocks are shares of publicly traded companies that …"
2025-07-09,Super Micro Remains A 'Show-Me Story' As Analysts Weigh AI Growth Against Execution Risks,Biztoc.com,https://biztoc.com/x/1a72205f0b46267c,"BofA Securities analyst Ruplu Bhattacharya initiated coverage on Super Micro Computer (NASDAQ:SMCI) with an Underperform rating and a price target of $35 on Wednesday.
Bhattacharya resumed coverage of Super Micro with an Underperform rating and a price object…"
2025-07-09,Here’s why you should avoid owning SMCI stock: BofA,Yahoo Entertainment,https://finance.yahoo.com/news/why-avoid-owning-smci-stock-112751042.html,"Investing.com -- Super Micro Computer (NASDAQ:SMCI) is facing mounting headwinds in the AI server space, according to Bank of America Securities, which..."
2025-07-09,Super Micro Accelerates European Footprint To Meet Exploding AI Needs,Biztoc.com,https://biztoc.com/x/86a9090ec3897d33,"Super Micro Computer, Inc. (NASDAQ:SMCI), a leading AI server manufacturer, plans to increase its investment in Europe to meet surging demand for AI infrastructure.
European Expansion Driven By Soaring AI Demand
The company, which already operates manufacturi…"
